,precision,recall,f1-score,support
0,0.7210531327366216,0.7569850552306693,0.7385823315695789,20007.0
1,0.7440513792377342,0.7069474316010603,0.7250250070532714,19993.0
accuracy,0.731975,0.731975,0.731975,0.731975
macro avg,0.732552255987178,0.7319662434158648,0.7318036693114252,40000.0
weighted avg,0.7325482312940402,0.731975,0.7318060418432155,40000.0
