,precision,recall,f1-score,support
0.0,0.6955723063279914,0.7301682292705632,0.7124505287744112,15039.0
1.0,0.7144867374938436,0.6787647884499699,0.6961678206622335,14961.0
accuracy,0.7045333333333333,0.7045333333333333,0.7045333333333333,0.7045333333333333
macro avg,0.7050295219109175,0.7044665088602666,0.7043091747183223,30000.0
weighted avg,0.705004933150402,0.7045333333333333,0.7043303422388681,30000.0
