{"accuracy": 0.67015, "precision": 0.7780322237670728, "recall": 0.47581653578752564, "f1_score": 0.5905027932960893}