{"accuracy": 0.7045333333333333, "precision": 0.7144867374938436, "recall": 0.6787647884499699, "f1_score": 0.6961678206622335}