{"accuracy": 0.7, "precision": 0.7212202182142062, "recall": 0.6494886705434129, "f1_score": 0.6834775269044102}