{"accuracy": 0.731975, "precision": 0.7440513792377342, "recall": 0.7069474316010603, "f1_score": 0.7250250070532714}